model_name,mean_auc,std_auc,mean_aupr,std_aupr
GRU_EN306_RUS,0.918565,0.005966,0.877466,0.005239
GRU_EN306_SMOTE,0.9294,0.000501,0.893075,0.00264
