{
  "ACC": 0.991422,
  "Sn": 0.987421,
  "Sp": 0.993976,
  "MCC": 0.981959,
  "AUC": 0.999697,
  "TN": 495,
  "FP": 3,
  "FN": 4,
  "TP": 314
}