fold,acc,precision,npv,sensitivity,specificity,mcc,f1,roc_auc,aupr,tn,fp,fn,tp
1,0.8235294117647058,0.7499999906250001,0.8709677349115506,0.7894736738227148,0.8437499934082032,0.6270657710672967,0.7692307642998029,0.9152960526315789,0.8750420478905935,108.0,20.0,16.0,60.0
2,0.8480392156862745,0.771084328059225,0.9008264388361451,0.8421052520775625,0.851562493347168,0.6827026074567549,0.8050314414777897,0.922594572368421,0.8824344791143611,109.0,19.0,12.0,64.0
3,0.8382352941176471,0.7721518889601027,0.8799999929600001,0.8026315683864268,0.8593749932861329,0.657060763816366,0.7870967691155047,0.9150904605263157,0.8753444027337387,110.0,18.0,15.0,61.0
4,0.8382352941176471,0.7654320893156532,0.8861788545839118,0.8157894629501387,0.851562493347168,0.6594345005469971,0.7898089121668223,0.9281455592105263,0.8843995062835708,109.0,19.0,14.0,62.0
5,0.8333333333333334,0.7999999885714287,0.8507462623078638,0.7368420955678672,0.8906249930419923,0.6390006865171118,0.7671232824169638,0.9116981907894737,0.8701102105794276,114.0,14.0,20.0,56.0
mean,0.8362745098039216,0.771733657106282,0.8777438567198942,0.797368410560942,0.8593749932861329,0.6530528658809054,0.7836582338953767,0.9185649671052631,0.8774661293203383,110.0,18.0,15.4,60.6
