{
  "ACC": 0.97549,
  "Sn": 0.955975,
  "Sp": 0.987952,
  "MCC": 0.948441,
  "AUC": 0.995176,
  "TN": 492,
  "FP": 6,
  "FN": 14,
  "TP": 304
}