fold,acc,precision,npv,sensitivity,specificity,mcc,f1,roc_auc,aupr,tn,fp,fn,tp
1,0.8431372549019608,0.7682926735574065,0.8934426156275196,0.8289473575138506,0.851562493347168,0.6710569318925692,0.7974683493831117,0.9292763157894737,0.8950245786930716,109.0,19.0,13.0,63.0
2,0.8480392156862745,0.771084328059225,0.9008264388361451,0.8421052520775625,0.851562493347168,0.6827026074567549,0.8050314414777897,0.9300986842105263,0.8924356390738074,109.0,19.0,12.0,64.0
3,0.8284313725490197,0.7469879428073742,0.8842975133529132,0.8157894629501387,0.8359374934692384,0.6414247971659494,0.7798742089316087,0.929173519736842,0.8946831224209154,107.0,21.0,14.0,62.0
4,0.8480392156862745,0.7922077819193795,0.8818897568355137,0.8026315683864268,0.8749999931640625,0.6758622575159693,0.797385615703362,0.9286595394736843,0.8881664439781805,112.0,16.0,15.0,61.0
5,0.8480392156862745,0.7777777681755831,0.8943089358186266,0.8289473575138506,0.8593749932861329,0.6801561022277716,0.8025477655888678,0.9297902960526316,0.8950668257209925,110.0,18.0,13.0,63.0
mean,0.8431372549019608,0.7712700989037936,0.8909530520941435,0.8236841996883658,0.8546874933227541,0.6702405392518029,0.7964614762169481,0.9293996710526317,0.8930753219773935,109.4,18.6,13.4,62.6
