{
  "ACC": 0.987745,
  "Sn": 0.984277,
  "Sp": 0.98996,
  "MCC": 0.974237,
  "AUC": 0.997342,
  "TN": 493,
  "FP": 5,
  "FN": 5,
  "TP": 313
}